nome,emails
Ciro,ciro@justpython.io
Eduardo,eduardo@justpython.io
Fábio,fabio@justpython.io
Ingrid,ingrid@justpython.io
Juan,juan@justpython.io
Lugão,lugao@justpython.io
Paty,paty@justpython.io
Rafael,rafael@justpython.io
Samuka,samuka@justpython.io
